<!DOCTYPE suite SYSTEM "https://testng.org/testng-1.0.dtd">
<suite name="Regression Suite" parallel="methods" thread-count="3">

    <listeners>
        <listener class-name="listeners.TestListener"/>
        <listener class-name="listeners.RetryTransformer"/>

    </listeners>

    <test name="Regression Tests">
        <groups>
            <run>
                <exclude name="smoke"/>
            </run>
        </groups>
        <packages>
            <package name="tests"/>
        </packages>
    </test>
</suite>
